Priority,Tier,Name,Company,Role,Phone,Email,Website
1,T1-PRIORITY,Agustin  Bunge,Flowy / Cross Up / Expertos Nube /  Zas Digital,Founder,+5492235020101,agus@zasdigital.com,https://www.linkedin.com/in/agus-bunge ::: https://agustinbunge.com/
1,T1-PRIORITY,Alice mclaughlin  Fernandez,Syncdata.ai,,+14074053992,,
1,T1-PRIORITY,Andrés  Mejía Pantera Makers,Génie LATAM,CEO,+573012040194,andres.mejia@genielatam.com,
1,T1-PRIORITY,Charlie  Capriles,Omnia Creative Companies,Partner,+528441221259,charlie@omniacc.com,https://linqapp.com/b4nmshqgm_8k?source=vcard
1,T1-PRIORITY,Daianna Ocampo  Contratacion,Nimbutech,,+573226282758,,
1,T1-PRIORITY,Edgar Felipe  Arcila Aristizabal,APPCE,Presidente Ejecutivo,+573138688740,presidencia@appce.org.co,https://blinqapp.page.link/fFWD
1,T1-PRIORITY,Felipe Garzon,Spybee,,(310) 782-7044,,
1,T1-PRIORITY,Francisco  Costa,Certronic,CEO and Founder,+5492914749983,fc@naaloo.com,https://www.linkedin.com/in/fcosta014/
1,T1-PRIORITY,German Molano,,Brander y CEO Labmark,+57 3153026660,german@labmark.co,www.labmark.co
1,T1-PRIORITY,Guido  Dentice,AGP Group,Owner,+5491161858090,gdentice@agpgroup.com.ar,agpgroup.com.ar
1,T1-PRIORITY,John  Morales Juzto,Juzto,,+573202713636,,
1,T1-PRIORITY,Juan Camilo  Rodríguez Arcos,Lodgi SAS,Chief Commercial Officer,+57 3187111711,corporativo@lodgirentals.com,https://www.instagram.com/lodgi_rentals/profilecard/?igsh=a2dkamRmY21sbGFk
1,T1-PRIORITY,Juan  Restrepo Uribe,CI Distrihogar SAS,VP Innovation & Sustainability,+57 311 6350815,jgrestrepo@distrihogar.com.co,https://blinqapp.page.link/fFWD
1,T1-PRIORITY,Lucas Barrera Quevedo,PAYNET,Gerente General,+573008960064,,
1,T1-PRIORITY,Lucía Herrera,Retail Algo,,+573157964089,,
1,T1-PRIORITY,Marcela  Quintero,Adasoft,,(301) 781-9215,,
1,T1-PRIORITY,Mario  Varon,ImagineX,CEO,8605971388 ::: 18605971388,mario.varon@imagine-x.co,
1,T1-PRIORITY,Martin  Ocampo,Innpactia,,(320) 845-6157,admin@innpactia.com,
1,T1-PRIORITY,Roberto  Vargas,Betriax,CEO,+573183886917,roberto@betriax.com,
1,T1-PRIORITY,Rubén  Cordoba Hoy Trabajas,Hoytrabajas,,+573144880574,,
2,T2-VC,Alejandro Osorio,Altua Sos Fondo De Inversion,,(323) 308-4717,,
2,T2-VC,Alejandro  Troll,B.VC,,+51 978 791 727,,
2,T2-VC,Amaya  Baliño,Angel Ventures,,+52 55 4379 7545,,
2,T2-VC,Barbara H  We Invest,Barbara H,,+5491121813332,,
2,T2-VC,Chris  Aleman,Mendoza Ventures,,(512) 762-1487,chris@mendoza-ventures.com,www.mendoza-ventures.com
2,T2-VC,Federico Garcia  Mejia,Angel Job’s,,+52 55 3241 6287,,
2,T2-VC,Felipe Camposano - Taram Capital,,,+17542329437,fcamposa@taramcapital.com,
2,T2-VC,Javier  Cabrero,Angel,,+52 444 844 0358,,
2,T2-VC,Juan  Atuesta,Elevante Capital,,+1 617 8931903,juan@elevantecapital.com,www.linkedin.com/in/jfatuesta/
2,T2-VC,Laura  Prado,Kamay Ventures,Senior Investment Manager,+54 9 11 6238 1218,laura@kamayventures.com,https://kamayventures.com
2,T2-VC,Leo  Davies,Windy Ventures,Managing Partner,+1 (786) 370-2703,leo@windy.ventures,https://windy.ventures/
2,T2-VC,Maria Paula  Gomez,Cube ventures,,(318) 783-7918,,
2,T2-VC,Matteo  Gilliotti,NEW VENTURES CAPITAL,,+57 (316) 832-2422,,
2,T2-VC,Milton Mendoza  Nevado Capital,Crack,,(311) 635-1216,,
2,T2-VC,Sebastian Buenaventura,Flori Ventures,,(321) 863-7452,,
2,T2-VC,Sebastian Cumsille  Ef Ventures,Sebastian Cumsille,,+56981889921,,
2,T2-VC,Yuri  Munchenko,Investor,,+54 9 11 5816 1639,,
3,T3-ECOSYSTEM,Ana  Rodriguez,Camara santa marta,,+573185932346,,
3,T3-ECOSYSTEM,Andres Campos,Innpulsa Colombia,,(320) 434-0650,,
3,T3-ECOSYSTEM,Charly  Esnal,Mana Tech,MD,+1 (305) 409-1160,charly@manatech.com,
3,T3-ECOSYSTEM,David  Gomez,EF Aceleradora,,+573142111565,,
3,T3-ECOSYSTEM,Jorge Humberto Díaz Camara De armenia Uribe,SECOND TALENT BPO SAS BIC,,+573208363037,ideofono1@gmail.com,www.secondtalent.com.co
3,T3-ECOSYSTEM,Laura  Trujillo,iNNpulsa,,(312) 459-8408,,
3,T3-ECOSYSTEM,Santiago  Henao,Ruta N,,+57(301)675-8065,,
3,T3-ECOSYSTEM,Tefi  Beltran,Platzi,,+57 (310) 331-8581,,
4,T1-PROSPECT,Anas // Arts DAO  Dubai,Anas // Arts DAO,,+971505381055,,
4,T1-PROSPECT,Cristina Ochoa,Azai Consultores,,(318) 827-4586,,
4,T1-PROSPECT,Estefania Hoyos Uribe Cafetero Tech Week,Estefania Hoyos Uribe,,+573054534162,,
4,T1-PROSPECT,Jaime  Molina,emBlue,Business Development Latam,+573507892162,jaime.m@embluemail.com,
4,T1-PROSPECT,Manuela Villegas | CEO SI SR,Manuela Villegas | CEO SI SR,,+573153395311,,
4,T1-PROSPECT,Pablo jaramillo  Constellation Software,Aquila,,+57 (320) 479-2074,,
